#seqId	guideId	targetSeq	mitSpecScore	offtargetCount	targetGenomeGeneLocus	Doench '16-Score	Moreno-Mateos-Score	Out-of-Frame-Score	Lindel-Score
chr1:779039-779092:+	27rev	GCTCAGATGAGGCGAGTGGGCGG	31	181	intergenic:RP11-206L10.2-RP11-206L10.9	62	67	73	87	GrafOK
chr1:779039-779092:+	51forw	CCACTCGCCTCATCTGAGCCTGG	31	128	intergenic:RP11-206L10.2-RP11-206L10.9	34	11	59	69	ggc
chr1:779039-779092:+	31rev	CCAGGCTCAGATGAGGCGAGTGG	29	213	intergenic:RP11-206L10.2-RP11-206L10.9	59	63	70	89	GrafOK
chr1:779039-779092:+	23rev	AGATGAGGCGAGTGGGCGGCCGG	28	200	intergenic:RP11-206L10.2-RP11-206L10.9	34	64	63	63	GrafOK
chr1:779039-779092:+	22rev	GATGAGGCGAGTGGGCGGCCGGG	27	197	intergenic:RP11-206L10.2-RP11-206L10.9	41	66	64	64	ggc
chr1:779039-779092:+	30rev	CAGGCTCAGATGAGGCGAGTGGG	24	156	intergenic:RP11-206L10.2-RP11-206L10.9	62	63	75	84	GrafOK
chr1:779039-779092:+	21rev	ATGAGGCGAGTGGGCGGCCGGGG	23	125	intergenic:RP11-206L10.2-RP11-206L10.9	41	87	60	73	GrafOK
chr1:779039-779092:+	11rev	TGGGCGGCCGGGGCTGCAGCTGG	13	893	intergenic:RP11-206L10.2-RP11-206L10.9	27	44	57	54	GrafOK
chr1:779039-779092:+	5rev	GCCGGGGCTGCAGCTGGCGCTGG	10	1249	intergenic:RP11-206L10.2-RP11-206L10.9	27	39	58	57	GrafOK
chr1:779039-779092:+	24forw	GCCAGCGCCAGCTGCAGCCCCGG	6	1844	intergenic:RP11-206L10.2-RP11-206L10.9	40	49	60	64	GrafOK
